surah_number,ayah_number,tafsir_text
12,1,{  الر } ،  قيل :  اسم السورة ،  وقيل :  إسم القرآن ،  وقيل :  أنا الرب لا رب غيري ،  وقيل :  اسم لله تعالى ،  وقيل :  إنه قسم كأنه قال :  والله ،  وقد تقدم الكلام فيه {  تلك } إشارة إلى آيات السورة و {  الكتاب المبين } السورة ،  وقيل :  المبين حلاله وحرامه وما يحتاجون إليه
12,2,{  انا أنزلناه } يعني الكتاب {  قرآنا عربياً } يعني بلغة العرب {  لعلكم تعقلون } يعني لتعلموا معانيه وأحكامه
12,3,{  نحن نقص عليك أحسن القصص } لأنه بلغ النهاية في الفصاحة مع حسن المعاني وصدق الحديث والفائدة العظيمة ،  وقيل :  لأن فيه أخبار الأمم الماضية ،  ويقال :  أحسن القصص قصة يوسف ،  قوله تعالى :  {  بما أوحينا إليك هذا القرآن } الذي أنزل عليك {  وإن كنت من قبله لمن الغافلين } أي من قبل إنزال الوحي عليك غافلاً عن قصة يوسف
12,4,"{  إذ قال يوسف لأبيه } أي اذكر إذ قال ،  روي عن النبي ( صلى الله عليه وآله وسلم ) أنه قال :   ""  إذا قيل من الكريم فقولوا الكريم ابن الكريم يوسف بن يعقوب بن اسحاق بن إبراهيم  ""  {  يا أبت إني رأيت } يعني في منامي باتفاق المفسرين {  أحد عشر كوكباً والشمس والقمر } قال ابن عباس والحسن :  الشمس والقمر أبواه والكواكب أخوته الأحد عشر ،  وقيل :  كان بين رؤياه وبين أن وصل أبوه وأخوته إلى مصر أربعون سنة عن أكثر المفسرين ،  وقيل :  ثمانون سنة ،  وقيل :  رأى هذه الرؤيا وهو ابن اثني عشر سنة ،  وقيل :  ابن سبع سنين ،  قيل :  رأى يوسف أن الشمس والقمر وأحد عشر كوكباً تسجد له ،  وقيل :  الشمس والقمر أبواه ،  وقيل :  أبوه وخالته لأن أمه راحيل كانت {  لا تقصص رؤياك على إخوتك } قد ماتت والكواكب إخوته .  فقال يعقوب :"
12,5,{  لا تقصص رؤياك على إخوتك } أي لا تخبرهم بذلك ظن أنهم يحسدونه .
12,6,{  وكذلك يجتبيك ربك } أي يختارك للنبوة {  ويعلمك من تأويل الأحاديث } ،  قيل :  تعبير الرؤيا أنه كان أعبر الناس ،  وقيل :  تأويل الأحاديث في كتب الله تعالى ودلائله على توحيده {  ويتم نعمته عليك وعلى آل يعقوب كما أتمها على أبويك } من قبل {  إبراهيم وإسحاق } ومعنى اتمام النعمة أنه وصل لهم نعمة الدنيا بنعمة الآخرة بأن جعلهم أنبياء في الدنيا وملوكاً ونقلهم عنها إلى الدرجات العلا في الجنة ،  وقيل :  إتمامها على إبراهيم بالخلة والانجاء من النار ومن ذبح الولد ،  وعلى إسحاق بإنجائه من الذبح وفدائه من الذبح بذبح عظيم ،  وبإخراج يعقوب والأسباط من صلبه
12,7,{  لقد كان في يوسف وإخوته } أي في قصصهم وأحاديثهم {  آيات } علامات ودلائل على قدرة الله تعالى وحكمته في كل شيء {  للسائلين } لمن سأل عن قصة يوسف وعرفها ،  وقيل :  آيات على نبوة محمد ( صلى الله عليه وآله وسلم ) للذين سألوه من اليهود عنها فأخبرهم بالصحة من غير سماع من أحد ولا قراءة كتاب
12,8,{  إذ قالوا ليوسف وأخوه } هو بنيامين وإنما قالوا أخوه وهم أخوة جميعاً لأن أمهما كانت واحدة {  ونحن عصبة } أي جماعة وكانوا عشرة {  إن أبانا لفي ضلال مبين } أي في ذهاب عن طريق الصواب
12,9,{  وتكونوا من بعده قوماً صالحين } يعني تائبين يعني نتوب بعد قتله ونعود إلى الصلاح
12,10,{  قال قائل منهم } على وجه المشورة قيل :  هو روبيل {  لا تقتلوا يوسف } ،  قيل :  الآمِر بالقتل شمعون والباقون كانوا راضين ،  وقوله :  {  يخلُ لكم وجه أبيكم } أي يقبل عليكم إقبالة واحدة لا يلتفت عنكم إلى غيركم ،  والمراد سلامة محبته لهم ممن يشاركهم فيها ،  واختلفوا كيف جاز هذا عليهم وهم أنبياء ،  قيل :  كانوا مراهقين ولم يكونوا بالغين ،  عن أبي علي يدل عليه
12,11,/خ11
12,12,"قوله تعالى :  {  يرتع ويلعب } ،  وقيل :  كانوا بالغين وكان ذلك منهم صغيرة عن الحسن ،  وقيل :  كان الذي قال :  لا تقتلوا يوسف يهوذا وكان أحسنهم فيه رأياً وهو الذي قال :  {  لن أبرح الأرض حتى يأذن لي أبي أو يحكم الله لي [ يوسف :  80 ] الآية قال لهم :  القتل عظيم {  وألقوه في غيابَت الجب } ،  قيل :  في قعر الجب بحيث يغيب ،  والجب قيل :  هو بئر بيت المقدس ،  وقيل :  أرض الأردن ،  وقيل :  هو بئر بين مصر ومدين على ثلاثة فراسخ من منزل يعقوب {  يلتقطه بعض السيَّارة } مارة الطريق والمسافرين {  إن كنتم فاعلين } شيئاً مما قلتم في يوسف فليكن هذا

/خ11"
12,13,"قال :  يعني يعقوب {  إني ليحزنني أن تذهبوا به } يعني أخاف عليه شغلكم بالمرعى وانفرادي عنكم لأنه كان لا يصبر عنه ساعة واحدة {  وأخاف أن يأكله الذئب } روي أنه رأى في النوم أن الذئب قد سد على يوسف فكان يحذره فمن

ثم قال لهم ذلك فلقنهم العلة ،  وفي أمثالهم البلاء موكل بالمنطق ،  وقيل :  عليه إذا ذهبوا عنه {  انا إذا لخاسرون } ،  قيل :  كالذي ذهب رأس ماله ."
12,14,/ت13
12,15,{  فلما ذهبوا به وأجمعوا أن يجعلوه في غيابات الجب } ،  قيل :  هو بئر بين مصر ومدين ،  وقيل :  على ثلاثة فراسخ من منزل يعقوب ،  وقد روي أنهم لما برزوا به إلى البرّية ،  أظهروا له العداوة وأخذوا يهينونه ويضربونه ،  وكلما استغاث بواحد منهم لم يغثه إلاَّ بالإِهانة والضرب حتى كادوا يقتلونه ،  فجعل يصيح يا أبتاه لو تعلم ما يصنع بابنك أولاد الإِماء ،  فقال يهوذا :  أما أعطيتموني موثقاً ألا تقتلوه ؟  فلما أرادوا إلقاءه في الجبّ تعلق بثيابهم فنزعوها من يده ،  فتعلق بحائط البئر فربطوا يديه ونزعوا قميصه ،  فقال :  يا أخوتاه ردوا عليَّ قميصي أتوارى به ،  وإنما نزعوه ليلطخوه بالدم وقالوا له :  ادع للشمس والقمر والإِحدى عشر كوكباً تؤنسك ،  ودلّوه في البئر فلما بلغ نصفها ألقوه ليموت ،  وكان في البئر ماء فسقط فيه ،  ثم آوى إلى الصخرة فقام عليها وهو يبكي ،  وأرادوا أن يرضخوه ليقتلوه فمنعهم يهوذا ،  وكان يأتيه بالطعام ،  وروي أن ابراهيم ( عليه السلام ) حين ألقي جرّد من ثيابه فأتاه جبريل بقميص من حرير الجنَّة فألبسه إياه فدفعه إلى إسحاق وإسحاق إلى يعقوب فجعله يعقوب في عنق يوسف فجاءه جبريل فألبسه إياه {  وأوحينا اليه } ،  قيل :  أوحي إليه في الصغر كما أوحي إلى عيسى ( عليهما السلام ) {  لتنبئنّهم بأمرهم هذا وهم لا يشعرون } إنك يوسف لعلوّ شأنك وذلك أنهم حين دخلوا عليه عرفهم وهم له منكرون
12,16,{  وجاءوا أباهم عشاء يبكون } روي أنه لما سمع أصواتهم فزع وقال لهم :  ما لكم يا بني هل أصابكم في غنمكم شيء ؟  قالوا :  لا ،  قال :  فما بالكم وأين يوسف ؟
12,17,{  قالوا يا أبانا إنا ذهبنا نستبق وتركنا يوسف عند متاعنا فأكله الذئب وما أنت بمؤمن لنا } أي بمصدق {  ولو كنا صادقين وجاؤوا على قميصه بدم كذب }
12,18,روي أنهم ذبحوا سخلة ولطخوه بدمها وزلّ عنهم أن يمزقوه ،  وروي أن يعقوب ( عليه السلام ) لما سمع بخبر يوسف صاح بأعلى صوته وقال :  أين القميص ؟  فأخذه وألقاه على وجهه وبكى حتى خضب وجهه بدم القميص وقال :  والله ما أكله ذئب أكل ابني ولم يمزق قميصه ؟  !  قيل :  كان في قميص يوسف ( عليه السلام ) ثلاث آيات كان دليلاً ليعقوب على كذبهم ،  وألقاه على وجهه فارتد بصيراً ،  ودليلاً على براءة يوسف ( عليه السلام ) حين قدّ من دبر {  قال بل سولت لكم أنفسكم أمراً فصبر جميل } معناه لا تشكوا فيه إلى الخلق {  والله المستعان على ما تصفون } .
12,19,{  وجاءت سيارة } أي رفقة تسير من قبل مدين إلى مصر ،  وذلك من بعد ثلاثة أيام من حين ألقي يوسف في الجب {  فأرسلوا واردهم } رجل يقال له مالك بن ذعر {  فأدلى دلوه } أي أرسله فتعلق يوسف ( عليه السلام ) في الحبل فلما خرج إذ هو بغلام أحسن ما يكون فقال المدني :  يا بشراي {  هذا غلام } ،  وقيل :  نظروا في البئر فرأوه ،  فقالوا :  هذا غلام {  وأسروه بضاعة } ،  قيل :  أخفاه المدني ومن معه من التجار لئلا يسألون الشركة فيه لرخص ثمنه ،  وقيل :  أسرّوه يعني أخوته أخفوا أنهم أخوته وقالوا :  هذا غلام لنا ،  وقيل :  أسرّ بعض التجار عن بعض ،  وروي أن يهوذا أتى بالطعام فلم يجده في البئر فأخبر أخوته فطلبوه فوجدوه معهم فقالوا :  هذا عبدنا أبق منا ،  فقال مالك بن ذعر :  أنا أشتريه
12,20,{  وشروه } أي باعوه ،  قيل :  أخوته ،  وقيل :  السيارة هم الذين باعوه {  بثمن بخس دراهم معدودة } عشرين درهماً ،  وقيل :  اثني وعشرين درهماً {  وكانوا } ،  قيل :  الذين باعوه {  فيه من الزاهدين } ،  قيل :  في الثمن ،  وقيل :  في يوسف ( عليه السلام )
12,21,{  وقال الذي اشتراه من مصر } ،  قيل :  قطفير ،  وقيل :  أطفير وهو العزيز الذي كان على خزائن مصر ،  والملك يومئذ الريان بن الوليد رجل من العمالقة وأقام يوسف مع العزير ثلاث عشرة سنة {  لامرأته } واسمها راعيل وهي التي تسمى زليخا {  أكرمي مثواه } أعظمي منزلته {  عسى أن ينفعنا } أي يكفينا أمورنا إذا بلغ وعلم الأمور ،  وقيل :  نبيعه بثمن صالح {  أو نتخذه ولداً } وكان قطفير لا يأتي النساء وكانت امرأته حسينة ناعمة ،  وقيل :  إن مالك بن ذعر أنه لما ابتاعه قال له :  من أنت ؟  قال :  أنا يوسف بن يعقوب بن اسحاق بن ابراهيم ،  فقال :  إنا لله وإنا اليه راجعون إنك إذا ابن ساداتنا ،  وقال له :  ادع الله ييسر لي ولداً ،  فدعى الله يوسفُ ( عليه السلام ) فولدت له امرأته أربعة وعشرين رجلاً في اثني عشر بطناً {  ولنعلمه من تأويل الأحاديث } ،  قيل :  علم الغيب معجزة له ،  وقيل :  عواقب الأمور ،  وقيل :  تأويل الرؤيا {  والله غالب على أمره } أي قادر لا يعجزه شيء على أمره أي تدابيره ،  وقيل :  غالب على أمر يوسف ( عليه السلام ) يحفظه ويحوطه ويدبر أمره ولا يكله إلى أحد غيره {  ولكن أكثر الناس لا يعلمون } ما الله صانع بيوسف وما يؤول اليه حاله
12,22,{  ولمَّا بلغ أشده } ،  قيل :  منتهى شبابه ،  قيل :  ثماني عشر إلى ثلاثين سنة إلى أربعين سنة .
12,23,{  وراودته التي هو في بيتها عن نفسه } وهي امرأة العزيز {  وغلقت الأبواب } ،  قيل :  كانت سبعة أبواب ،  {  وقالت هيت لك } أي هلم لك ،  وقيل :  يعني تعال {  قال معاذ الله } استجير به وأعتصم {  إنه ربي } رفع محلي وأحسن إليَّ وجعلني نبيَّاً فلا أعصيه ،  وقيل :  أراد العزيز هو مالكي حين قال لامرأته أكرمي مثواه
12,24,{  ولقد همَّت به وهمّ بها } قال الحسن :  همّها أخبث الهمّ وأما همّه فما قام عليه طبع الرجال من شهوة النساء ،  ولم يكن منه عزم على المعصية ،  وقيل :  همّ بضربها وجعل يدفعها عن نفسه ،  كما يقال :  هممت بفلان أي بضربه وإيقاع مكروه منه ،  ومعنى {  لولا أن رأى برهان ربه } أي لولا أن رأى برهان ربه لضربها ولو ضربها لأهلكه أهلها ،  وكانت تدعي عليه المراودة على القبيح وأنه ضربها لامتناعها ،  فأراه الله البرهان ليمتنع من الضرب ،  فأمَّا البرهان الذي رآه فقد اختلف فيه على أقوال :  أولها حجة الله تعالى في تحريم الزنا والعلم بما في الزنا من العقاب ،  وقيل :  هو ما أتاه الله سبحانه من آداب أنبيائه في العفاف وصيانة النفس عن الأرجاس ،  وقيل :  هي النبوة المانعة من ارتكاب الفواحش ،  وقيل :  كان في البيت صنم فسترته بأن ألقت عليه ثوباً فقالت استحيي منه فقال يوسف :  تستحي من الصنم وأنا أستحي من الواحد القهّار ،  وقيل :  رأى العزيز ،  وقيل :  رأى جبريل ( عليه السلام ) ،  وقيل :  رأى يعقوب ،  روى ذلك جار الله في الحاكم والله أعلم {  إنه من عبادنا المخلصين } قرئ بفتح اللام وكسرها
12,25,{  واستبقا الباب } أي وتسابقا إلى الباب فأسرع يريد الباب وأسرعت وراءه لتمنعه الخروج فنظر يوسف وإذا الأبواب قد انفتحت فأدركته {  وقدّت قميصه من دبر } اجتذبته من خلفه فانقدّ أي انشق حين هرب منها {  وألفيا سيدها لدا الباب } يعني وصادفها سيدها أي بعلها وهو قطفير تقول المرأة لبعلها سيدي {  قالت ما جزاء من أراد بأهلك سوءاً إلاَّ أن يسجن أو عذاب أليم } بالسياط ولما أعزت عليه وعرضته للسجن والعذاب وجب عليه الدفع عن نفسه
12,26,{  قال هي راودتني عن نفسي } ولولا ذلك لكتم عليها {  وشهد شاهد من أهلها } ،  قيل :  كان ابن عم لها وكان حكيماً يرجع اليه الملك ويستشيره ،  وقيل :  كان ابن خال لها تكلم في المهد ،  فقال تعالى :  {  فلما رأى قميصه قُدَّ من دبر }
12,28,{  فلما رأى قميصه قُدَّ من دبر } يعني قطفير وعلم براءة يوسف ( عليه السلام ) وصدقه قوله تعالى :  {  قال إنه من كيدكنَّ إن كيدكن عظيم } الخطاب لها ولأمتها وإنما استعظم كيد النساء وإن كان في الرجال ،  إلا أن النساء ألطف كيداً وأنفذ حيلة
12,29,{  يوسف أعرضْ عن هذا } الأمر واكتمه ولا تحدِّث به {  واستغفري لذنبك إنك كنت من الخاطئين } من جملة القوم المعتدين وكانوا يعبدون الله تعالى مع الأصنام .
12,30,{  وقال نسوة } جماعة من النساء وكنّ خمساً {  امرأةُ العزيز } يريد قطفير والعزيز الملك بلسان العرب {  تراود فتاها } غلامها {  عن نفسه قد شغفها حباً } وصل إلى الفؤاد وهو حجاب القلب ،  وقيل :  جلدة رقيقة يقال لها لسان القلب {  إنَّا لنراها في ضلال مبين } يعني في خطأ وبعدٍ عن طريق الصواب
12,31,{  فلما سمعت } راعيل {  بمكرهنّ } بقولهنّ {  أرسلت إليهنَّ } ،  قيل :  أرادت إبلاغ عذرها ،  وقيل :  أرادت إيقاعهن فيما وقعت فيه ،  قال وهب :  اتخذت مائدة ودعت أربعين امرأة منهنَّ {  وأعتدت } أي أعدت {  لهنَّ متكئا } أي مجلساً وما يتكأ عليه من النمارق والوسائد {  وآتت كل واحدة منهن سكيناً } لقطع الفواكه {  وقالت اخرج عليهنَّ } وكانت أجلسته غير مجلسهنّ فأمرته بالخروج إما للخدمة أو للسلام {  فلما رأينه أكبرنَهُ } أي عظّمنه وكان ( عليه السلام ) كالقمر ليلة البدر {  وقطّعن أيديهن } بتلك السكاكين وهنَّ يحسبن أنها الأترج والفواكه ،  وقيل :  جرحنَّ أيديهنّ ،  وقيل :  ما أحسسن إلاَّ بالدم {  وقلن حاشَ لله } أي برأه الله سبحانه من كل سوء أن يكون هذا بشراً {  إن هذا إلا ملك كريم }
12,32,{  قالت } يعني امرأة العزيز قالت :  {  فذلكنَّ الذي لمتُنَّني فيه } أي في حبي إياه ثم إنها أقرت على نفسها واعترفت ببراءة يوسف فقالت :  {  ولقد راودته عن نفسه } أي أردت منه الفاحشة {  فاستعصم } أي امتنع بالله وسأله العصمة {  ولئن لم يفعل ما آمره } أي إن لم يطعني فيما دعوته إليه {  ليسجنن وليكوناً من الصاغرين } وذلك إنهنَّ زيّن له مطاوعتها ،  وقلن له :  إياك وإلقاء نفسك في السجن والصغار فالتجأ إلى ربه
12,33,{  قال رب } نزول {  السجن أحب إليّ } من ركوب المعصية قال جار الله :  فإن قلت نزول السجن مشقة على النفس شديدة وما دعته اليه لذة عظيمة فكيف كانت أحب إليه وأثر عنده ،  قلت :  نظر إلى حسن الصبر في احتمالها لوجه الله وفي قبح المعصية {  وإلاّ تصرف عني } أي تصرف عني بإلطافك وصنعك {  كيدهنَّ } أي حيلتهن وهو إظهار المحاسن والتزين بالزينة {  أصب اليهن } أميل اليهنَّ لأنهنَّ راودنه وقلن له :  أطع مولاتك {  وأكن من الجاهلين } من الذين لا يعملون بما يعلمون
12,34,{  فاستجاب له ربه } يعني فعل له ما شاءه وأجابه {  فصرف عنه كيدهنَّ } حيلتهن {  إنه هو السميع العليم }
12,35,{  ثم بدا لهم من بعد ما رأوا الآيات } أي عاينوا ،  قيل :  أراد العلامات والمعنى بدا لهم أي أظهر لهم رأي {  ليسجننَّه } وذلك أنها قالت لزوجها :  إن هذا العبد فضحني ولا أقدر على الاعتذار فإما أن تحبسه ،  أو تأمرني بحبسه ،  أو تأذن لي بحبسه {  حتى حين } أي إلى وقت ،  قيل :  سبع سنين ،  وقيل :  عشر .
12,36,قوله تعالى :  {  ودخل معه السجن فتيان } وفيه إضمار رأي دخل يوسف السجن ودخل معه فتيان {  قال أحدهما إني أراني } يعني في المنام {  أعصر خمراً } يعني عنباً {  نبئنا بتأويله } أي أخبرنا تأويله وما يؤل اليه أمر هذه الرؤيا {  إنا نراك من المحسنين } من الذين يحسنون عبارة الرؤيا ،  وروي أنه كان إذا مرض رجل منهم أدام عليه ،  وإذا ضاق أوسع عليه ،  وإذا احتاج جمع له
12,37,قوله تعالى :  {  قال لا يأتيكما طعام ترزقانه إلا نبأتكما بتأويله } وهو الاخبار بالغيب ويقول اليوم :  {  يأتيكما } طعام من صفته كيت وكيت فيجدونه كما أخبرهما ،  وجعل ذلك تخلصاً الى أن يذكر لهما التوحيد ويعرض لهما الايمان ويزينه ويقبح لهما الشرك بالله {  ذلكما مما علمني ربي } يعني ذلك التأويل والاخبار بالغيب {  مما علمني ربي } أوحى إليّ {  إني تركت } أي رغبت وليس المعنى أنه كان معطاه فتركه
12,38,{  واتبعت ملة آبائي ابراهيم واسحاق ويعقوب } الآية يعني {  ذلك } التوحيد {  من فضل الله علينا وعلى الناس ولكن أكثر الناس لا يشكرون } أي على الرسل وعلى المرسل إليهم لا ينهوهم عليه وأرشدوهم اليه ولكن أكثر الناس لا يشكرون هذه النعمة
12,39,قوله تعالى :  {  يا صاحبي السجن } سمّاهما بذلك لأنهما في السجن {  أأرباب متفرقون خير أم الله الواحد القهار } يعني عبادة واحد حي قادر أم عبادة أحجار وخشب لا تقدر ولا تحيي والقهار القادر الذي لا يمتنع عليه شيء
12,40,{  ما تعبدون من دونه } خطاب لهما ولمن كان على دينهما من أهل مصر {  إلاَّ أسماء سميتموها } يعني أنتم سميتم ما لم تستحق الإِلهيَّة آلهة ،  وتسميتكم الأوثان آلهة لا تصح وهذه التسمية صدرت منكم ومن آبائكم ولا حقيقة لها {  ما أنزل الله بها من سلطان } أي حجة {  إن الحكم إلاَّ لله } أي الحكم على العباد في الأمر والنهي وقد أمركم {  أن لا تعبدوا إلاَّ إيَّاه ذلك } يعني التوحيد والعدل وعبادة الله لا غيره {  الدين القيم } المستقيم {  ولكن أكثر الناس لا يعلمون } لجهلهم
12,41,ثم عبر رؤياهما فقال :  {  يا صاحبي السجن اما أحدكما فيسقي ربه خمراً } ،  قيل :  للساقي تقف في السجن ثلاثة أيام ثم يخرجك الملك وتعود إلى ما كنت عليه ،  ومعنى ربه أي مالكه وسيده لأنه كان عبده ،  قوله تعالى :  {  وأما الآخر } وهو صاحب الطعام {  فيصلب فتأكل الطير من رأسه } ،  وقيل :  الذي أخبره بالصلب قال :  ما رأيت شيئاً قال يوسف :  {  قضي الأمر } وروي أنهما قالا ما رأينا شيئاً فقال يوسف ( عليه السلام ) :  {  قضي الأمر الذي فيه تستفتيان } يعني فرغ من الأمر الذي تسألان وتطلبان معرفته ،  نزل بكما ما قلتُ ،  وقيل :  وقع الأمر ،  وإنما قاله عن وحي
12,42,{  وقال للذي ظنَّ أنه ناج منهما } الظان هو يوسف ( عليه السلام ) ،  وقيل :  الظن يرجع الى الناجي ،  ومعنى ناج أي يتخلص من السجن {  اذكرني عند ربك } أي اذكر صفتي عند الملك وقصّ عليه قصّتي لعله يرحمني {  فأنساه الشيطان ذكر ربه } يعني أنسى الشيطان يوسف ذكر الله في تلك الحال فاستغاث بالمخلوف ،  وقيل :  أنسى الشيطان الساقي ذكر يوسف عند الملك فلم يذكره {  فلبث في السجن } أي مكث وبقي فيه {  بضع سنين } ،  قيل :  اثني عشر سنة ،  وقيل :  سبع سنين ،  وقيل :  قبلها خمس وبعدها سبع سنين ،  وعن الحسن :  أنه كان يبكي إذا قرأها ويقول :  نحن إذا نزل بنا أمر فزعنا إلى الناس ،  ثم بيَّن تعالى أنه لما قرب الفرج ليوسف ( عليه السلام ) رأى ملك مصر الريان بن الوليد رؤيا عجيبة هائلة .
12,43,قوله تعالى :  {  وقال الملك إني أرى سبع بقرات سمان } خرجن من نهر يابس وسبع بقرات {  عجاف } فابتلعت العجاف السمان ورأى {  سبع سنبلات خضر } قد انعقد حبها وسبعاً {  أخر يابسات } قد استحصدت فأدركت ،  فالتوت اليابسات على الخضر حتى غلبن عليها ،  فاستعبرها فلم يجد من قومه من يحسن عبارتها ،  وقوله تعالى :  {  يأيها الملأ } يعني الأشراف ،  وروي أنه جمع السحرة والكهنة فقصّها عليهم فقالوا :  ما حكى الله سبحانه عنهم {  أضغاث أحلام }
12,44,{  أضغاث أحلام } يعني أخلاط معناه أحلام مختلطة {  وما نحن بتأويل الأحلام بعالمين } أي لا نعلم عبارتها فكأن جهلهم بذلك سبَّب نجاة يوسف لأن الساقي يذكر حديث يوسف ( عليه السلام )
12,45,{  وقال الذي نجا منهما وادكر بعد أمةٍ } أي ذكر حديث يوسف وحبسه ،  بعد أمة أي بعد حين {  أنا أنبئكم بتأويله } أي بتفسيره وتعبيره وما يؤول اليه {  فأرسلون } والمعنى فأرسلوه إلى يوسف ( عليه السلام ) فأتاه فقال :  {  يوسف أيها الصديق }
12,46,{  يوسف أيها الصديق } البليغ في الصدق {  أفتِنا في سبع بقرات سمان } فإن الملك رأى هذه الرؤيا {  لعلّي أرجع إلى الناس لعلهم يعلمون } فضلك ،  أو يعلمون تأويل رؤيا الملك ،  فأجابه يوسف ( عليه السلام ) معبراً فقال :  {  تزرعون سبع سنين دأباً }
12,47,{  تزرعون سبع سنين دأباً }  أي كعادتكم في الزراعة في سائر السنين ،  وقيل :  زراعة متوالية في هذه السنين {  فما حصدتم } قطعتم من الزرع {  فذروه في سنبله } أي أتركوه في سنابله ،  وإنما أمر بذلك لأنه إبقاء له وأبعد من الفساد ،  قوله تعالى :  {  إلاَّ قليلاً مما تأكلون } أي تحتاجون إلى أكله فأخرجوه من السنبل ،  وليس هذا من الرؤيا في شيء وإنما ذكره نصيحة لهم
12,48,"{  ثم يأتي من بعد ذلك سبع شداد يأكلن ما قدمتم لهن } يعني سنين جديبة يأكلن ما قدموا لها وإنما أضاف الأكل إلى السنة لوقوع الأكل فيها كقول الشاعر :

نهارك يا مغرور سهوٌ وغفلةٌ *** وليلك نوم والردا لك لازم

{  إلاَّ قليلاً مما تحصنون } أي تحرزون وتخبؤون فلا تأكلون ،  ثم أخبرهم يوسف ( عليه السلام ) بخبر لم يسألون عنه ولم يكن في رؤيا الملك وكله عن علم الغيب ،  فقال :  {  ثم يأتي من بعد ذلك عام }"
12,49,"{  ثم يأتي من بعد ذلك عام } أي سنة {  فيه يغاث الناس } وفيه يمطرون من الغيث وهو المطر ،  وقيل :  ينقذون من العذاب {  وفيه يعصرون } من الثمار التي تعصر في الخصب كالعنب والزبيب والسمسم والزيتون ،  فجعل تأويل البقرات السمان والسنبلات الخضر سنين مخصبات ،  والبقرات العجاف والسنبلات اليابسات سنين مجدبات ،  ثم بشرهم بعد فراغه من تأويل الرؤيا بأن العام الثامن يجيء مباركاً خصيباً كثير الخير غزير النعم وذلك كله من جهة الوحي ،  وعن النبي ( صلى الله عليه وآله وسلم ) :   ""  لقد عجبت من يوسف وكرمه وصبره حين سُئِل عن الرؤيا ولو كنت مكانه ما أخبرتهم حتى أشترط أن يخرجوني ولقد عجبت منه حين أتاه الرسول فقال :  {  ارجع إلى ربك } ولو كنت مكانه لأسرعت الإِجابة  ""  ."
12,50,{  وقال الملك ائتوني به } ،  قيل :  معناه ولما رجع الساقي إلى الملك وأخبره بحديث يوسف ( عليه السلام ) وتعبيره الرؤيا {  قال الملك ائتوني به } يعني بيوسف الذي عبر الرؤية {  فلما جاءه الرسول } يعني رسول الملك جاء إلى يوسف ( عليه السلام ) فقال :  أجب الملك فقال يوسف :  {  ارجع إلى ربك فاسأله ما بال النسوة اللاتي قطعن أيديهن } أي ما شأنهنَّ ؟  ،  وقيل :  ما ذنبي في النسوة ؟  قال ابن عباس :  إن خرج يوسف ( عليه السلام ) من السجن يومئذ قبل أن يعلم الملك شأنه ما زالت نفس العزيز منه يقول هذا الذي راود امرأتي ،  وقيل :  ما أحب أن يخرج حتى يعلم طهارته وعصمته وبراءته مما قذف فيه وأنه حبس ظلماً {  إن ربي بكيدهن عليم }
12,51,{  قال ما خطبكن إذ راودتن } وفي الكلام حذف تقديره لما سمع الملك ذلك دعاهن ودعا امرأة العزيز وقال :  ما خطبكنَّ ؟  أي ما شأنكنَّ وما أمركنَّ ؟  وأمر {  يوسف عن نفسه قلن حاشَ لله } أي عياذاً بالله وتنزيهاً من هذا الأمر وأن نقول عليه سوءاً {  ما علمنا عليه من سوء } فاعترفوا ببراءته وإنهنَّ ظلمنه وحبس مظلوماً {  الآن حصحص الحق } أي تبين وظهر عن ابن عباس {  أنا راودته عن نفسه وإنه لمن الصادقين } في كلامه
12,52,{  ذلك ليعلم أني لم أخنه بالغيب } أي لم أخنه في حال غيبته ،  أي ردّي الرسول وامتناعي من الخروج ليعلم العزيز أني لم أخنه بالغيب ،  وقيل :  ليعلم الملك أني لم أخن العزيز ،  وقيل :  ذلك الإقرار ليعلم يوسف اني لم أخنه بالغيب ،  وروي أن الملك قطفير أسلم والله أعلم {  وأن الله لا يهدي كيد الخائنين } .
12,53,قوله تعالى :  {  وما أبرئ نفسي } ،  قيل :  هذا من كلام يوسف ،  قال الحسن :  لما زكى نبي الله نفسه استدرك فقال :  {  وما أبرئ نفسي } ،  وقيل :  هو من كلام امرأة العزيز ،  ومعنى ذلك أي لا أمدح نفسي ولا أحكم لها بالبراءة ،  وقيل :  ما أبرئ نفسي عن ذنب هممت به {  إن النفس لأمَّارة بالسوء } إذا غلبت الشهوة ،  وقوله :  النفس أراد الجنس ،  لأمَّارة بالسوء :  أي بحب الشهوات وتدعو اليها وإن كانت قبيحة {  إلاَّ ما رحم ربي } أي رحمه فعصمه كالملائكة ،  وقيل :  عصمه بألطافه فاعتصم ،  وقيل :  هو من كلام يوسف ( عليه السلام ) بيَّن أن إمتناعه منها كان بحول الله تعالى وقوته ولطفه ،  وقيل :  من كلام امرأة العزيز ،  ويدل على توبتها .
12,54,ولما تبيَّن الملك أمانة يوسف وبراءته وعلمه أمر بإحضاره ليجعله من خلصائه ،  كما حكى الله تعالى بقوله :  {  وقال الملك ائتوني به أستخلصه لنفسي } أي أجعله خالصاً لي في تدبيري ومهمات أمري {  فلما كلمه } فيه حذف يعني فلما جاءه الرسول وخرج من السجن ودخل على الملك وكلمه الملك :  {  قال إنك اليوم لدينا مكين أمين } ،  قيل :  كان ليوسف يومئذ ثلاثين سنة .
12,55,ثم قال :  إني أحب أن أسمع رؤياي ،  فأعادها عليه فقال الملك :  ومن يكفيني هذا الأمر ؟  فقال يوسف :  {  اجعلني على خزائن الأرض } يعني أرض مصر {  إني حفيظ عليم } بوجوه التدابير فيها وذلك أنه ( صلى الله عليه وآله وسلم ) علم أنه إذا تولى الخزائن وتمكن منها آل الأمر إليه ،  فلهذا طلب ذلك ،  ففوض الملك أمر مصر اليه وعزل قطفير نفسه ،  وسلم سلطانه وخزائن أرضه إلى يوسف ،  ودخل بيته ،  وهلك العزيز في تلك الأيام ،  وتزوج يوسف امرأته ،  واستوى له ملك مصر فعدل فيما بينهم ،  وأحبه الرجال والنساء .
12,56,ففوض الملك أمر مصر اليه وعزل قطفير نفسه ،  وسلم سلطانه وخزائن أرضه إلى يوسف ،  ودخل بيته ،  وهلك العزيز في تلك الأيام ،  وتزوج يوسف امرأته ،  واستوى له ملك مصر فعدل فيما بينهم ،  وأحبه الرجال والنساء [ وذلك ] قوله تعالى :  {  وكذلك مكنا ليوسف } .
12,58,ثم بيَّن تعالى أنه لما تمكن يوسف بمصر وأضار الناس الجوع وقصدوا مصر فنزل بآل يعقوب ما نزل بالناس ،  فأرسل يعقوب بنيه إلى مصر وهم عشرة لأنه أمسك عنده بنيامين {  فعرفهم وهم له منكرون } ،  قيل :  أنكروه لطول ما يعهد لأن ما بين الوقت الذي فارقوه وبين وقت دخولهم عليه أربعين سنة ،  وقيل :  إنه تزيّا زينة الملك جالساً على السرير وفي عنقه طوق من ذهب ،  وقيل :  كان بينه وبينهم ستراً .
12,59,{  ولما جهزهم بجهازهم } أي أصلحهم بعدتهم وهي عدة السفر من الزاد وما يحتاج إليه المسافرون {  قال ائتوني بأخ لكم من أبيكم } لا بد من مقدمة ،  روي أنه لما رآهم وكلمهم قال لهم :  أخبروني من أنتم وما شأنكم ؟  قالوا :  نحن قوم من أهل الشام ،  أصابنا الجهد فجئنا نمتار ،  قال :  لعلكم جئتم عيونا تنظرون عورات بلادي ،  قالوا :  معاذ الله نحن أخوة بنو أب واحد وهو شيخ صدِّيق نبي من الأنبياء اسمه يعقوب ،  قال :  كم أنتم .  قالوا :  كنا اثني عشر فهلك منا واحد ،  قال :  فمن يشهد لكم أنكم لستم بعيون وأن الذي تقولون حق ؟  قالوا :  ما نعرف أحداً ،  قال :  فدعوا بعضكم عندي رهينة وأتوني باخيكم من أبيكم وهو يحمل رسالة من أبيكم حتى أصدقكم ،  فاقترعوا بينهم فأصابت القرعة شمعون وكان أحسنهم رأياً في يوسف ،  فخلفوه عنده ،  وكان قد أحسن إنزالهم وضيافتهم
12,60,وقوله :  {  فإن لم تأتوني به فلا كيل لكم عندي ولا تقربون } يعني داري ولا بلادي
12,62,{  قالوا سنراود عنه } الآية {  وقال يوسف لفتيانه اجعلوا } أي عبيده وغلمانه اجعلوا {  بضاعتهم } أي ثمن طعامهم وما كانوا جاؤوا به .  {  في رحالهم } وفي أوعيتهم {  لعلهم يعرفونها إذا انقلبوا إلى أهلهم لعلهم يرجعون } وروي أنها كانت بضاعتهم النعال والأدم ،  قيل :  لم يرض الكريم أن يأخذ من أبيه وأخوته ثمناً ،  وقيل :  علم أن ديانتهم تحملهم على رد البضاعة فيرجعوا لأجلها ،  وقيل :  معناه {  لعلهم يرجعون } لعلهم يردونها .
12,63,{  فلما رجعوا إلى أبيهم } وفيه إضمار تقديره لما رجعوا من مصر إلى يعقوب {  قالوا يا أبانا منع منا الكيل } يعني لما رجعوا إلى يعقوب ،  قالوا :  قدمنا على خير رجل أكرمنا كرامة لو كان من ذلك يعقوب ما أكرمنا مثله ،  ثم قال :  أين شمعون ؟  قالوا :  ارتهنه ملك مصر ،  وأخبروه بالقصة فقال :  ولم أخبرتموه ؟  قالوا :  قال :  إنكم جواسيس ،  وقصّوا القصة ،  وقالوا :  يا أبانا منع منا الكيل إن لم نأت بأخينا لقوله :  {  فلا كيل لكم عندي ولا تقربون } {  فأرسل معنا أخانا نكتل وإنا له لحافظون }
12,64,{  قال هل آمنكم عليه } الآية يعني حفظ الله بنيامين خير من حفظكم
12,65,{  ولما فتحوا متاعهم } يعني ما حملوه من مصر ،  وقيل :  أوعية الطعام {  وجدوا بضاعتهم ردت اليهم قالوا يا أبانا ما نبغي هذه بضاعتنا ردت إلينا } يعني أي شيء نطلب وراء هذا أوفى لنا الكيل وردّ علينا الثمن وأرادوا أن تطيب نفس يعقوب فيبعث بابنه معهم ،  وقوله :  {  ونمير أهلنا } أي نطلب الميرة {  ونحفظ أخانا ونزداد كيل بعير } أي نزداد مع أحمالنا حمل بعير لأجله {  ذلك كيل يسير } اي ذلك مكيل قليل لا يكفينا ،  يعني ما يكال لهم فأرادوا أن يزدادوا إليه ما يكال لأخيهم ،  وقيل :  ذلك كيل يسير أي ذلك الكيل شيء يسير عند الملك ،  سهل عليه لا يتعاظمه ،  وقيل :  هو من كلام يعقوب وإن حمل بعير واحد شيء يسير لا يخاطر لمثله بالولد ،  ولما رأى يعقوب ( عليه السلام ) ردّ البضاعة وتحقق إكرام الملك لهم عزم على إرسال ابنه معهم
12,66,{  قال لن أرسله معكم حتى تؤتون موثقاً من الله } أي تعطوني ما أثق به من يمين أو غيرها من الله ،  أي بإشهاد الله تعالى والقسم بالله وعهده ،  وقيل :  تحلفون لي بخاتم النبيين وسيد المرسلين محمد ( صلى الله عليه وآله وسلم ) {  لتأتنّني به إلاَّ أن يحاط بكم } أي إلاّ أن تهلكوا جميعاً {  فلما آتوه موثقهم } أعطوه عهدهم ويمينهم {  قال الله على ما نقول وكيل } أي شاهد وحافظ بالوفاء وكيل كفيل ،  وقيل :  لما قال يعقوب {  فالله خير حافظاً } {  والله على ما نقول وكيل } قال الله تعالى :  وعزتي وجلالي لأردّن عليك كليهما بعد ما توكلت علي
12,67,{  وقال يا بني لا تدخلوا من باب واحد وادخلوا من أبواب متفرقة } ولما عزم يعقوب ( عليه السلام ) على إرسال ابنه معهم أوصاهم كيف يدخلون مصر ،  فقال سبحانه حاكياً عنه :  {  يا بني لا تدخلوا من باب واحد وادخلوا من أبواب متفرقة } ،  قيل :  خاف عليهم العين لأنهم كانوا ذا جمال وهيئة وكمال وهم أخوة ولد رجل واحد ،  وقيل :  خاف عليهم حسد الناس وأن يبلغ الملك قوتهم وبطشهم ،  فيحبسهم عنده أو يقتلهم خوفاً على ملكه {  وما أغني عنكم من الله من شيء } يعني ان ما يريد الله بكم لا ينفع فيه الاحتياط ،  ومنه قيل :  إذا جاء القدر لم ينفع الحذر {  إن الحكم إلا لله عليه توكلت وعليه فليتوكل المتوكلون } أي فوضت أمري إليه وكذلك يفعل من توكل عليه .
12,68,{  ولما دخلوا من حيث أمرهم أبوهم } ،  قيل :  كان في مصر أربعة أبواب فدخلوها من أبوابها منفردين {  ما كان يغني عنهم من الله من شيء } أي لم يغن عنهم ذلك الاحتياط شيئاً إذا أراد الله ابتلاهم بشيء {  إلاَّ حاجة في نفس يعقوب قضاها } كأن يراه صواباً ،  قيل :  ما كان يخاف عليهم من العين والحسد ،  وقيل :  أراد أن يدفع الله تعالى عن ولده ويردهم عليه
12,69,ثم بيّن تعالى دخولهم مصر وكيف جرى الأمر فقال تعالى :  {  ولما دخلوا على يوسف آوى إليه أخاه } بنيامين وضمه اليه ،  وروي أنهم قالوا هذا أخونا قد جئناك به ،  فقال :  أحسنتم وأصبتم وستجدون ذلك عندي ثم أكرمهم وأضافهم وأجلس كل اثنين منهم على مائدة فبقي بنيامين وحده فبكى وقال :  لو كان أخي يوسف حياً لأجلسني معه ،  فقال يوسف ( عليه السلام ) :  بقي أخوكم وحيداً فأجلسه معه على مائدة وبات معه ،  فبات يوسف ( عليه السلام ) يضمه اليه ،  فقال يوسف :  أتحب أن أكون بدلاً من أخيك ؟  فقال :  من يجد أخاً مثلك ولكن لم يلدك يعقوب ،  فقال له :  {  إني أنا أخوك } يوسف {  فلا تبتئس } أي لا تحزن {  بما كانوا يعملون } وروي أن بنيامين قال له :  فإني لا أفارقك ،  قال :  قد علمت اغتمام والدي ،  فإذا حبستك ازداد غمه ولا سبيل لي إلى ذلك من ،  أي المصلحة في حبس أخيه ،  فجعل السقاية في رحل أخيه
12,70,وقوله :  {  فلما جهزهم بجهازهم } قضى حاجتهم وجعل لكل واحد حمل بعير {  جعل السقاية } ،  قيل :  هي المشربة التي كان يشرب بها الملك ،  وقيل :  كأساً من ذهب ،  وقيل :  كان يسقي بها الملك فلما جاء القحط جعلها يوسف مكيالاً {  في رحل أخيه } التي يحمل فيها الطعام ،  ثم ارتحلوا فانطلقوا فأدركوا فحبسوا {  ثم أذّن مؤذّن } أي نادى منادٍ {  أيتها العير } القافلة {  إنكم لسارقون } ومتى قيل :  لم جاز النداء بالكذب ؟  قالوا فيه :  أن يوسف لم يأمرهم بذلك ولم يعلمهم وإنما أمر بجعل السقاية في رحل أخيه ،  فلما فقدها المتوكلون اتهموهم بسرقها فنادوهم بذلك ،  وقيل :  عنوا به أنكم لسارقون يوسف على أبيه ،  قال أبو علي :  أعلم أخاه أنه يحتال لاحتباسه عنده
12,71,{  قالوا وأقبلوا عليهم } لما سمعوا النداء أقبلوا على المنادي أي عطفوا عليه بوجوههم وقالوا :  {  ماذا تفقدون } أي ما الذي ضلَّ عليكم {  قالوا نفقد صواع الملك ولمن جاء به حمل بعير وأنا به زعيم } أي كفيل ،  بقوله المنادي وكان زعيم القوم
12,72,{  قالوا } يعني أخوة يوسف ( عليه السلام )
12,73,{  تالله لقد علمتم ما جئنا لنفسد في الأرض } روي أنهم لما دخلوا مصر سدُّوا أفواه دوابهم كيلا تتناول حرث الناس ،  وكانوا لا يظلمون أحداً ،  ولا يطأون زرعاً ،  ومتى قيل :  لم نودوا بالسرقة ولم يسرقوا ؟  فالجواب ما تقدم ،  وقيل :  كان ذلك في علم يوسف أنهم يسرقونه من أمه {  وما كنا سارقين } أي ما كنا نوصف قط بالسرقة
12,74,{  قالوا فما جزاؤه } ،  قيل :  السارق ،  وقيل :  جزاء السارق {  إن كنتم كاذبين } في قولكم ما كنا سارقين
12,75,{  قالوا جزاؤه من وجد في رحله } أي جزاء سرقته أخذ من وجد في رحله وكان حكم السارق في أولاد يعقوب أن يسترق سنة ،  وقوله :  {  فهو جزاؤه } تقدير الحكم فأخذ السارق نفسه هو جزاؤه لا غير .
12,76,{  فبدأ بأوعيتهم } ،  قيل :  قال لهم :  من وكل بهم لا بد من تفتيش أوعيتكم فانصرف بهم إلى يوسف فبدأ يفتش أوعيتهم {  قبل وعاء أخيه } بنيامين ليتقي التهمة حتى بلغ أخاه فقال :  ما أظن هذا أخذ شيئاً فقالوا :  والله لا تتركه حتى تنظر في رحله فإنه أطيب لنفسك ونفوسنا واستخرجه ،  وقيل :  كان ذلك القول من المؤذن لا من يوسف {  كذلك كدنا ليوسف } أي مثل ذلك الكيد العظيم كدنا ليوسف ،  يعني علمناه إياه وأوحينا به اليه {  ما كان ليأخذ أخاه } بنيامين {  في دين الملك } ويضمه الى يوسف في دين الملك يعني في حكمه وقضائه ولم يكن ذلك في حكم الملك لكن جزاء السارق في حكم يعقوب ( عليه السلام ) أن يستعبد لأنه كان عادلاً ولولا هذه الحيلة لما مكّنه من أخذ أخيه {  إلاَّ أن يشاء الله } أي ما كان ليأخذه إلا بمشيئة الله وإذنه {  نرفع درجات من نشاء } كما رفعنا درجة يوسف {  وفوق كل ذي علم عليم } فوقه أرفع درجة منه في علمه ،  أو فوق العلماء كلهم ،  عليمٌ هم دونه في العلم وهو الله عز وجل
12,77,{  قالوا ان يسرق فقد سرق أخ له من قبل } لما خرج الصاع في رحل بنيامين قال إخوته :  ماذا صنعت ؟  فضحتنا ،  قال :  لا علم لي بذلك الصاع في رحلي من وضع البضاعة في رحالكم ؟  فقالوا ليوسف :  ان يسرق فقد سرق أخ له من قبل ،  واختلفوا في السرقة التي وصفوا بها يوسف ،  قيل :  سرق صنماً لجده من قبل أمه فكسره وألقاه على الطريق ،  وقيل :  كان يسرق الطعام من المائدة ويعطيه المساكين ،  وقيل :  غير ذلك {  فأسرّها يوسف في نفسه } ،  قيل :  أسرَّ يوسف ( عليه السلام ) كلامهم في نفسه {  ولم يبدها لهم } ،  وقيل :  انتظر فيه الوحي {  وقال أنتم شر مكاناً والله أعلم بما تصفون } يعني بما تقولون
12,78,{  قالوا يا أيها العزيز إن له أبا شيخاً كبيراً } الآية
12,79,{  قال معاذ الله } أي أعوذ بالله أن نفعل ذلك {  أن نأخذ إلاَّ من وجدنا متاعنا عنده انا إذاً لظالمون } .
12,80,{  فلما استيئسوا منه خلصوا نجياً } يعني أخوة يوسف أيسوا من بنيامين أن يرد إليهم ،  خلصوا اعتزلوا وانفردوا عن الناس ،  نجياً أي يناجي بعضهم بعضاً ،  وقيل :  يتناجون في محاربته فلم يتفقوا على ذلك ،  وقيل :  يتناجون بالرجوع إلى أبيهم فلم يتفقوا حياء من أبيهم {  قال كبيرهم } وهو روبيل ،  وقيل :  شمعون وكان رئيسهم وأكثرهم في الفضل ،  وقيل :  يهوذا {  ألم تعلموا أن أباكم قد أخذ عليكم موثقاً } أي يميناً {  فلن أبرح الأرض } أي لن أزال بهذه الأرض ،  قيل :  هي أرض مصر {  حتى يأذن لي أبي } بالانصراف اليه {  أو يحكم الله لي } بالخروج منها أو بالانتصاف منها أو بالانتصاف ممن أخذ أخي ،  أو بخلاصه من يده بسبب من الأسباب {  وهو خير الحاكمين } لأنه لا يحكم إلا بالحق والعدل
12,81,{  ارجعوا إلى أبيكم } فصرفهم مع العير ،  وأقام هو لأنه عهد أن لا يرجع {  فقولوا يا أبانا إن ابنك سرق } يعني فقولوا أخرج الصاع من رحله ،  وقولوا :  إنه سرق على ظاهر الحال {  وما شهدنا إلاَّ بما علمنا } أي ما نشهد عليه لكن نخبرك بما جرى ،  وقيل :  ما قلنا أنه سرق إلا بما علمنا من وجود الصاع في رحله {  وما كنا للغيب حافظين } في الأمر الخفي .
12,82,{  واسأل القرية التي كنَّا فيها } وهي مصر أي أرسل إلى أهل القرية مصر واسألهم عن القصة {  والعير التي أقبلنا فيها } وأصحاب العير وكانوا قوماً من كنعان ،  وقيل :  جيران يعقوب ،  وقيل :  من صنعاء
12,83,{  قال بل سولت لكم أنفسكم أمراً } وفي الكلام حذف دل عليه الكلام ما بقي تقديره فلما رجعوا إلى أبيهم وقصُّوا عليه القصة قال مجيباً لهم :  بل سولت لكم أنفسكم ،  يعني أردتم وهممتم به ،  وقيل :  أعطيتكم أنفسكم سولها {  فصبر جميل } أي شأني صبر جميل لا جزع معه {  عسى الله أن يأتيني بهم جميعاً } ،  وقيل :  أوحى الله اليه بذلك ،  وقوله :  عسى واجبٌ لأنه علم أن حديث السرقة باطل ولكن لم يعلموا أن الله {  هو العليم } بأحوال خلقه {  الحكيم } في تدابيرهم
12,84,{  وتولى عنهم وقال يا أسفي على يوسف } والأسف أشد الحزن {  وابيضَّت عيناه من الحزن } والبكاء قيل :  عمي ،  وقيل :  كان لا يبصر إلاَّ شيئاً قليلاً {  فهو كظيم } مملوء من الهم والحزن وكان البياض الذي حدث في عين يعقوب من الحزن ،  روي ما جفت عينا يعقوب من وقت فراق يوسف إلى وقت لقائه ثمانين سنة ،  وما على وجه الأرض أكرم على الله تعالى من يعقوب
12,85,{  قالوا تالله تفتؤ تذكر يوسف } أي لا تزال تذكر يوسف {  حتى تكون حرضاً } الحرض المشرف على الهلاك وهو فساد الجسم والعقل {  أو تكون من الهالكين } أي المبتلين ،  ومتى قيل :  ما معنى قولهم هذا لأبيهم ؟  قالوا :  ليكف من البكاء إشفاقاً عليه فأجابهم يعقوب {  قال إنما أشكو } .
12,86,{  قال إنما أشكو } أي أظهر شكواي {  بثي } أي همي عن ابن عباس ،  وقيل :  حاجتي {  وحزني إلى الله } تعالى {  وأعلم من الله ما لا تعلمون } أي أعلم من إحسان الله ما لا تعلمون ،  وقيل أعلم أن رؤياه صادقة .
12,87,{  يا بنيَّ اذهبوا فتحسسوا من يوسف وأخيه } أي استخبروا من شأنهما واطلبوا خبرهما ،  وقيل :  توهم أن الذي احتال بهذه الحيلة يوسف وقال :  انظروا من حبس ابني ؟  وعلى أي ذنب ؟  وكيف وقع بمصر ؟  وتعرفوا خبر بنيامين {  ولا تيأسوا من روح الله } أي لا تقنطوا من رحمة الله تعالى ،  وقيل :  من فرج الله تعالى {  إنه لا ييأس من روح الله إلا القوم الكافرون } يعني أنه من أيس من رحمة الله فقد أساء ظنه بربه فيكفر
12,88,"{  فلما دخلوا عليه } وفيه حذف أي فخرجوا إلى مصر فلما ادخلوا عليه {  قالوا يا أيها العزيز } أي الملك {  مسّنا وأهلنا الضر } أي أصابنا وقومنا الضر قيل :  هو الشدة والقحط والجوع ،  وقيل :  شكوا ما نالهم من هلاك مواشيهم والبلاء الذي أصابهم .

 {  وجئنا ببضاعة مزجاة } ،  قيل :  رديَّة لا تؤخذ إلاَّ بوكس ،  وقيل :  قليلة ،  وقيل :  كانت دراهم رديَّة لا تنفق في ثمن الطعام ،  وقيل :  الاقط ،  وقيل :  الصوف والسمن ،  وقيل :  النعال والأدم {  فأوف لنا الكيل } أي أعطنا ما كنت تعطينا بالثمن الجيد .

 {  وتصدق علينا } ،  قيل :  تفضل ما بين الثمن والأدنى ولا تنقصنا من السعر ،  وقيل :  هذا لا يحل لأحد من الأنبياء ،  وقيل :  سألوا الصدقة وهم أنبياء وكانت حلالاً لهم .  {  إن الله يجزي المتصدقين } يثيبهم ولو لم يقولوا أن الله يجزيك لأنهم لم يعلموا دينه ."
12,89,"{  قال } يوسف {  هل علمتم ما فعلتم بيوسف وأخيه إذ أنتم جاهلون } ،  قيل :  رأى المصلحة في ذلك إما بأمر الله تعالى أو بزوال الموانع ،  وقيل :  إنما قال ذلك حين قرأ كتاب يعقوب ،  وقيل فيه :   ""  من يعقوب اسرائيل الله ابن إسحاق ذبيح الله ابن إبراهيم خليل الله إلى عزيز مصر ،  أما بعد ،  فإنَّا أهل بيت موكل بنا البلاء ،  ألقي جدي في النار فجعلها الله عليه برداً وسلاماً ،  وأما أبي فشدت يداه ورجلاه ووضع السكين على قفاه ففداه الله بذبح عظيم ،  وأما أنا فكان لي ابن وكان أحب أولادي إلي فذهب عني ،  وكان له أخ أتسلى به ،  فإن رددت علي ولدي وإلاَّ دعوت عليك دعوة تدرك السابع من ولدك  ""  فلما قرأ يوسف الكتاب لم يتمالك من البكاء فقال :  {  هل علمتم } الآية {  قالوا أإنك لأنت يوسف قال أنا يوسف } الآية قيل :  لما رفع يوسف ( عليه السلام ) الحجاب ،  وقيل :  وضع التاج عن رأسه ."
12,90,{  قالوا } يعني أخوة يوسف {  تالله } قسم {  لقد آثرك الله علينا } أي فضلك واختارك بالعلم والحلم والحكم والملك
12,91,{  وإن كنا لخاطئين } مذنبين
12,92,{  قال لا تثريب عليكم اليوم } أي لا تأنيب ولا عتب
12,93,{  اذهبوا بقميصي هذا } ،  قيل :  هو من الجنة ،  وقيل :  كان ذلك قميص ابراهيم صار إلى يعقوب ،  ثم إلى يوسف ،  وكان من الجنة أمره جبريل أن يرسله اليه فإن فيه ريحاً لا تقع على مبتلى ولا سقيم إلا عوفي ،  وقيل :  يهوذا هو الذي حمل القميص وسار حافياً ،  وروي أنه خرج ومعه سبعة أرغفة وكان المسافة ثمانين فرسخاً .
12,94,{  ولما فصلت العِيْرُ } أي خرجت القافلة من مصر متوجهة إلى كنعان {  قال } يعقوب لأولاد أولاده كانوا بمصر :  {  إني لأجد ريح يوسف } ،  قيل :  هذا الريح المعروف بعينه وهو حركة الجو عند أكثر المفسرين ،  قيل :  جاءت الريح من الجنة {  لولا أن تفندون } ،  قيل :  تكذبون ،  وقيل :  تضعفون ،  وقيل :  تقولون شيخ قد خرّف
12,95,{  قالوا تالله } قسم منهم {  إنك لفي ضلالك القديم } أي في خطائك القديم غلظوا له القول بهذه إشفاقاً عليه وكان عندهم أنه قد مات وهذا الكلام من أسباط يعقوب فإن أولاده في الطريق
12,96,{  فلما أن جاء البشير ألقاه على وجهه } يعني ألقى قميص يوسف على وجه يعقوب {  فارتد بصيراً } بعدما كان أعمى ،  وقيل :  قال يعقوب للبشير :  كيف خلفت يوسف ؟  قال :  هو ملك مصر ،  قال :  ما أصنع بالملك على أي دين تركته ؟  قال :  على دين الإِسلام ،  قال :  الآن تمت النعمة ،  وروي أنه كان بين مصر وكنعان شهر
12,97,{  قالوا يا أبانا استغفر لنا ذنوبنا } أي سل الله لنا المغفرة عما لحقك من جهتنا من الحزن {  إنّا كنَّا خاطئين } مذنبين
12,98,{  قال } يعقوب ( عليه السلام ) {  سوف استغفر لكم ربي إنه هو الغفور الرحيم } ،  قيل :  أخرهم إلى ليلة الجمعة ،  وقيل :  إلى وقت السحر لأنه أقرب الإِجابة للدعاء ،  وقيل :  أراد الدوام ،  فقد روي أنه كان يستغفر لهم كل ليلة جمعة في نيف وعشرين سنة
12,99,ثم بيَّن تعالى التقاء يوسف مع أبيه وأخوته فقال تعالى :  {  فلما دخلوا على يوسف } وفيه حذف تقديره فلما خرج يعقوب من أرضه ودخل مصر {  آوى اليه أبويه } قيل :  أباه وأمُّه وقيل :  أباه وخالته ،  وقيل :  ان يوسف وجّه إلى أبيه جهازاً ومئتي راحلة ليتجهز إليه بمن معه ،  وخرج يوسف في أربعة آلاف من الخيل وأهل مصر بأجمعهم فلقوا يعقوب ( عليه السلام ) وهو يمشي ويتوكَّأ على يهوذا فنظر إلى الخيل والناس فقال ليهوذا :  هذا فرعون مصر ؟  لا هذا ولدك ،  فلما لقيه قال يعقوب :  السلام عليك يا مذهب الأحزان ،  وروي أن يوسف ( عليه السلام ) قال لأبيه حين لقيه :  يا أبت بكيت عليّ حتى ذهب بصرك ألم تعلم أن القيامة تجمعنا ؟  قال يعقوب :  لم أبكِ على ذلك ولكن خشيت أن يسلب دينك فيحال بيني وبينك ،  وقيل :  ان يعقوب وولده دخلوا مصر وهم اثنان وسبعون ما بين رجل وامرأة ،  وخرجوا منها مع موسى ستمائة ألف وخمس مائة وبضع وسبعون رجلاً سوى الذرية {  آوى اليه أبويه } ضمهما إليه وعانقهما {  وقال ادخلوا مصر إن شاء الله آمنين } أنزل أبويه وأخوته معه {  وقال ادخلوا مصر } الآية ،  فإن قيل :  ما وجه الاستثناء وقد حصل الدخول ؟  قالوا :  تلقاهم يوسف خارج مصر ودخل منزلاً فلما دخلوا إليه ضمهم إلى نفسه {  وقال ادخلوا مصر } الآية ،  والاستثناء على الإِقامة فعلى هذا هو متصلاً بالدخول ،  وقيل :  متصل بالإِقامة
12,100,{  ورفع أبويه على العرش } يعني على السرير وهو سرير الملك {  وخرُّوا له سُجّداً } ،  قيل :  سجود التحية لا سجود العبادة وكانت جائزة ،  وقيل :  عظّموه بالسجود والمعبود هو الله تعالى ،  وقيل :  المراد بالسجود الخضوع والتواضع ،  وقيل :  سجدوا لله شكراً لأمر يوسف ولقائه {  وقال يا أبت هذا تأويل رؤياي من قبل قد جعلها ربي حقاً } كان بين الرؤيا وبين تأويلها أربعين سنة ،  وقيل :  ثمانين سنة {  وقد أحسن بي إذ أخرجني من السجن وجاء بكم من البدو } وكانوا من بوادي الشام وأصحاب مواشي {  من بعد أن نزغ الشيطان بيني وبين إخوتي } قيل :  نزغ الشيطان إفساده ،  وقيل :  هو الاعراء .
12,101,قوله تعالى :  {  وعلمتني من تأويل الأحاديث } ،  قيل :  هو تأويل الرؤيا ،  وقيل :  علم الدين {  فاطر السماوات والأرض } أي خالقهما {  أنت وليِّي في الدنيا والآخرة توفني مسلماً وألحقني بالصالحين } قيل :  توفي بمصر ودفن في النيل في صندوق ،  وذهب جماعة إلى أنه تمنى الموت ،  وقيل :  معناه توفني حين وفاتي فأعاد تعالى الكلام بعد تمام القصة إلى خطاب النبي ( صلى الله عليه وآله وسلم ) فقال :  {  ذلك من أنباء الغيب نوحيه اليك وما كنت لديهم }
12,102,{  ذلك من أنباء الغيب نوحيه اليك وما كنت لديهم } يعني ما كنت عندهم يا محمد {  إذ أجمعوا أمرهم وهم يمكرون } بيوسف حين ألقوه في غيابات الجب
12,104,قوله تعالى :  {  وما تسألهم عليه من أجر } يعني على تبليغ الرسالة وبيان الشريعة جزاء {  إن هو إلاَّ ذكر للعالمين }
12,105,{  وكأيّن من آية في السماوات والأرض يمرون عليها } ،  قيل :  أراد الشمس والقمر والنجوم والسحاب والمطر وما في الأرض من أنواع النبات والأشجار والفواكه ،  وقيل :  آثار المتقدمين وأحوال الناس يمرون عليها {  وهم عنها معرضون } يعني لا يتفكرون
12,106,{  وما يؤمن أكثرهم بالله إلا وهم مشركون } نزلت في المشركين والمراد أنهم يؤمنون بالله ويصدقون به وهم مشركون الأوثان بالعبادة
12,107,{  أفأمنوا أن تأتيهم غاشية من عذاب الله } ،  قيل :  عذاب يغشاهم وهو عذاب الاستئصال ،  وقيل :  أراد القيامة ،  وقيل :  الصواعق والقوارع {  أو تأتيهم الساعة } يعني القيامة {  بغتة } فجأة قبل أن يعلموا ويتوبوا {  وهم لا يشعرون } لا يعلمون قيامها
12,108,{  قل هذه سبيلي } هذه السبيل التي هي الدعوة إلى الايمان والتوحيد {  أدعو إلى الله على بصيرة } أدعو إلى دينه مع حجة واضحة غير عمياء ،  وتقديره قل يا محمد هذه طريقي ،  وقيل :  سنّتي ،  أدعو إلى الله إلى توحيده وعدله ودينه ،  على بصيرة أي يقين ومعرفة {  أنا ومن اتبعني } أي من آمن بي وصدقني ،  وقيل :  معناه أنا ومن اتبعني على بصيرة
12,109,{  وما أرسلنا من قبلك إلاَّ رجالاً نوحي إليهم } لأنهم كانوا يقولون لو شاء ربنا لأنزل ملائكة وقوله :  {  من أهل القرى } لأنهم أعلم وأعمل وأهل البوادي يا محمد فيهم الجهل والجفاء والقسوة ،  روي أنه ما بعث الله نبيّاً من بادية ولا من النساء ولا من الجن {  أفلم يسيروا في الأرض } هؤلاء المتكبرون المكذّبون بنبوتك {  فينظروا كيف كان عاقبة الذين من قبلهم } من الأمم المكذِّبين لرسلهم كيف أهلكناهم كذلك نهلك هؤلاء {  ولدار الآخرة خير للذين اتقوا أفلا تعقلون } يعني الجنة وما فيها
12,110,{  حتى إذا استيأس الرسل } ،  قيل :  أيسوا من إيمان قومهم ،  وقيل :  أيسوا من تعجيل العذاب وطول الامهال {  وظنّوا أنهم قد كذبوا } من قرأ بالتشديد فمعناه أيقنوا أن القوم قد كذبوهم ،  ومن قرأ بالتخفيف فله وجهان أحدهما أن الضمير يعود إلى المرسل اليهم أي وظن القوم أن الرسل قد كذبوهم ،  والثاني يعود الضمير إلى الرسل أي وظن الرسل أن قومهم كذبوهم فيما وعدوهم من الإِجابة إلى الإِيمان ،  وقيل :  ظن القوم أن الرسل قد كذبوا أي أخلفوا ما وعَدوا به من النصر {  جاءهم } يعني الرسل {  نصرنا فنجِّيَ من نشاء ولا يرد بأسنا } أي عذابنا {  عن القوم المجرمين } المشركين
12,111,{  لقد كان في قصصهم } قيل :  الأنبياء والأمم {  عبرة } لما جرى من نصرهم وإهلاك عدوهم ،  وقيل :  في قصة يوسف وأخوته عبرة أي موعظة ،  وقرئ في قِصصهم بكسر القاف {  لأولي الألباب } أي لذوي العقول {  ما كان حديثاً يفترى } يعني القرآن حديثاً يختلق كذباً {  ولكن تصديق الذي بين يديه } من الكتب كالتوراة والانجيل {  وتفصيل كل شيء } يحتاج إليه في الدين من الحلال والحرام والمواعظ والأمثال والحكم ،  وعمّ كل شيء للمبالغة .
